{"9207": "Theresa Russell", "1059007": "Adriana Morera", "93138": "Mats Bergman", "1532": "Bill Murray", "37252": "Yvonne Zima", "2231": "Samuel L. Jackson", "19363": "Dominique Reymond", "4765": "Jason Robards", "183201": "Barbara Flynn", "572600": "Sten Hellstrom", "90659": "Chris Hogan", "33668": "Noam Jenkins", "2561": "Victor Argo", "27440": "Francois Perier", "48576": "Charles Berling", "19207": "Timothy Bottoms", "60062": "Scott Subiono", "4025": "Steve Park", "141459": "Dan Warry-Smith", "572601": "Pierre Johnsson", "1004": "Danny Aiello", "558335": "Yveline Ailhaud", "1190298": "Paul Bru", "16927": "Gerard Depardieu", "141460": "Kristen Bone", "1059002": "Dean Paraskevopoulos", "109625": "Robert Viharo", "572599": "Folke Lind", "1086300": "Jonathan Sanders", "14104": "Phil Hartman", "2876": "Matt Dillon", "1184797": "Barbra Rae", "6541": "Philip Bosco", "141495": "Lindsey McKeon", "10500": "Carole Bouquet", "1232763": "Shii Ann Huang", "113777": "Anya Benton", "2283": "Stanley Tucci", "953997": "Cory Pendergast", "9208": "Robert Wagner", "933600": "Lew Knopp", "572602": "Kaj Nilsson", "52": "David Morse", "9211": "Eduardo Yanez", "314092": "Rolf Adolfsson", "1086299": "Christian Stoehr", "2878": "C. Thomas Howell", "8979": "Patrick Malahide", "46867": "Jan Malmsjo", "75429": "David Stevens", "85096": "Stephen Blackehart", "1248": "Brian Cox", "94976": "Christopher Showerman", "141458": "Joseph McKenna", "38351": "Elisabeth Depardieu", "1059004": "Louise Devar", "945237": "Toi Svane Stepp", "14792": "Josef Sommer", "1190299": "Noureddine El Ati", "1168416": "Paule Annen", "931399": "Jean-Marc Roulot", "1190300": "Jean Schmitt", "4887": "Joe Grifasi", "141461": "Jennifer Pisana", "572598": "Johan Akerblom", "16937": "Rex Linn", "4252": "Tony Shalhoub", "66785": "Richard Joseph Paul", "1059003": "Evan Glenn", "168638": "Beatrice Winde", "11317": "Natascha McElhone", "44712": "Jill Eikenberry", "37612": "Bernard Freyd", "2115": "Kurtwood Smith", "1059005": "Leelee Groome", "19119": "Melanie Laurent", "1811": "Randy Quaid", "3085": "James Caan", "19225": "Christian Campbell", "572603": "Mats Ingerdal", "122599": "Stig Olin", "136921": "Patrick Gorman", "146634": "Stanislas Crevillen", "126471": "Tom Amandes", "46866": "Ewa Froling", "6908": "Marc Macaulay", "9205": "Denise Richards", "9206": "Neve Campbell", "349956": "Jim Hughes", "16935": "Geena Davis", "9827": "Rose Byrne", "15412": "David Clennon", "9209": "Daphne Rubin-Vega", "2884": "Darren Dalton", "83390": "Anne Helm", "17488": "Alice Drummond", "583590": "Helene Lapiower", "9210": "Jeff Perry", "4724": "Kevin Bacon", "550521": "Amanda Tilson", "1190297": "Dominique Ducos", "20853": "Andre Wilms", "1059006": "Stephanie Sotomayer", "12521": "Kenneth McMillan", "1640": "Stellan Skarsgard", "9212": "Jennifer Taylor", "25972": "Melina Kanakaredes", "14886": "Craig Bierko"}